{"cameraMode":{"drawMode":0,"name":"Shaded","section":"Shading Mode"},"sceneLighting":true,"audioPlay":false,"sceneViewState":{"m_AlwaysRefresh":false,"showFog":true,"showSkybox":true,"showFlares":true,"showImageEffects":true,"showParticleSystems":true,"showVisualEffectGraphs":true,"m_FxEnabled":true},"in2DMode":false,"pivot":{"x":26.022571563720704,"y":-58.15510177612305,"z":158.85110473632813},"rotation":{"x":0.21078868210315705,"y":-0.013195857405662537,"z":0.002843916416168213,"w":0.9774518609046936},"size":189.08920288085938,"orthographic":false}