{"cameraMode":{"drawMode":0,"name":"Shaded","section":"Shading Mode"},"sceneLighting":false,"audioPlay":false,"sceneViewState":{"m_AlwaysRefresh":false,"showFog":false,"showSkybox":false,"showFlares":false,"showImageEffects":false,"showParticleSystems":false,"showVisualEffectGraphs":true,"m_FxEnabled":true},"in2DMode":false,"pivot":{"x":0.16033115983009339,"y":0.6917575001716614,"z":0.10907059907913208},"rotation":{"x":0.28776490688323977,"y":0.007183286361396313,"z":-0.002156862523406744,"w":0.9576791524887085},"size":1.2164180278778077,"orthographic":false}