{"cameraMode":{"drawMode":0,"name":"Shaded","section":"Shading Mode"},"sceneLighting":false,"audioPlay":false,"sceneViewState":{"m_AlwaysRefresh":false,"showFog":true,"showSkybox":false,"showFlares":true,"showImageEffects":true,"showParticleSystems":true,"showVisualEffectGraphs":true,"m_FxEnabled":true},"in2DMode":false,"pivot":{"x":10.84768295288086,"y":-12.413413047790528,"z":-26.010089874267579},"rotation":{"x":-0.010110033676028252,"y":-0.8988986611366272,"z":0.4375486671924591,"w":-0.020769134163856508},"size":43.27265930175781,"orthographic":false}