{"cameraMode":{"drawMode":0,"name":"Shaded","section":"Shading Mode"},"sceneLighting":false,"audioPlay":false,"sceneViewState":{"m_AlwaysRefresh":false,"showFog":true,"showSkybox":false,"showFlares":true,"showImageEffects":true,"showParticleSystems":true,"showVisualEffectGraphs":true,"m_FxEnabled":true},"in2DMode":false,"pivot":{"x":-0.0000019073486328125,"y":18.327587127685548,"z":-3.3990211486816408},"rotation":{"x":0.12938129901885987,"y":-0.30693569779396059,"z":0.04215909168124199,"w":0.9419552087783814},"size":24.896379470825197,"orthographic":true}