{"cameraMode":{"drawMode":0,"name":"Shaded","section":"Shading Mode"},"sceneLighting":false,"audioPlay":false,"sceneViewState":{"m_AlwaysRefresh":false,"showFog":true,"showSkybox":false,"showFlares":true,"showImageEffects":true,"showParticleSystems":true,"showVisualEffectGraphs":true,"m_FxEnabled":true},"in2DMode":false,"pivot":{"x":13.226728439331055,"y":64.96037292480469,"z":82.18174743652344},"rotation":{"x":0.0009007003391161561,"y":-0.9266106486320496,"z":0.37602248787879946,"w":0.002222139621153474},"size":483.95098876953127,"orthographic":false}